IndustryGrowth,LeaseLength,RSFOccupied,OccupancyRate,IncentivesAvailable,EconomicIndicator,VacancyRate
-0.03125,6.0,4256.375086849543,0.8192835674569439,0.0,0.041191926268336405,0.028740137179920192
-0.02564102564102566,6.0,4504.553978845213,0.631834559187373,1.0,0.05416012147332199,0.029234358883588597
-0.30097087378640774,5.0,1455.914712898799,0.6568196038356604,2.0,0.05278076037691521,0.003102746323470815
-0.04533333333333345,15.0,3732.519182180727,0.7348882925567592,0.0,0.054091678541082384,0.0023074717041451464
-0.045454545454545525,15.0,3402.7547358957577,0.6531779581843881,0.0,0.0482266931867692,0.02379055133777476
0.026315789473684292,5.0,3749.9245638401267,0.5355972360785592,0.0,0.046655440706839954,0.015790114691645197
-0.01736111111111116,7.0,2519.6723778658425,0.9563754873347011,0.0,0.05669978209545923,0.015098370903040633
0.010186625194401167,5.0,1492.9562291915533,0.9395157122459781,1.0,0.04787880352814251,0.014148734653334313
0.011904761904761862,6.0,3222.4838585033876,0.8074190514823978,0.0,0.05709508990234885,0.02508454585084902
-0.1414728682170543,8.0,4988.807689850022,0.9239806575911571,1.0,0.04398195622997168,0.02391834741031392
0.006894174422612975,15.0,4651.682885875468,0.8207086955402977,2.0,0.05709508990234885,0.02508454585084902
-0.022624434389140302,5.0,2996.6048341054866,0.9073816315519512,2.0,0.047847699156441485,0.005793258554489626
0.19999999999999996,7.0,1592.6588133762252,0.6980346702978132,0.0,0.049234578886292506,0.003456404090642766
-0.004464285714285587,7.0,4759.07803529524,0.6716149361488066,2.0,0.056643615377370185,0.011421229012505087
0.04716981132075482,15.0,1499.6515542306809,0.598729738872764,1.0,0.05709508990234885,0.02508454585084902
-0.001982815598149279,8.0,3989.6263961415934,0.933275103103499,2.0,0.05624486136256303,0.027406726759653156
0.004901960784313708,7.0,3893.2721709902553,0.6107091594824343,2.0,0.05278076037691521,0.003102746323470815
0.04081632653061207,7.0,2370.682946854111,0.562743125272536,2.0,0.056643615377370185,0.011421229012505087
-0.2552026286966046,15.0,955.0059121928564,0.8883062102825328,1.0,0.04255450845151013,0.01382004386762254
0.03846153846153855,15.0,4599.9460875276045,0.6927367017772547,0.0,0.05060456244206974,0.005384147537619678
0.040219378427788,7.0,4321.693416056147,0.6415835042791163,1.0,0.056299623609801015,0.012396798042826096
0.031249999999999778,5.0,1603.553970038846,0.6109573126321454,2.0,0.04129023145504444,0.017134240572126546
-0.013818672059319081,5.0,4114.70879349431,0.760826839729916,1.0,0.04787880352814251,0.014148734653334313
0.01927710843373487,5.0,1382.0269515205964,0.5077570668895137,2.0,0.05360984783629877,0.0159895984012534
0.01030927835051565,8.0,3260.697719353624,1.0,1.0,0.04215849891493543,0.024833444979965605
0.006198347107438051,5.0,3298.387016839103,0.6026817798820123,0.0,0.05688871415735318,0.011479680541308941
0.0,5.0,3124.435401349771,0.8600923182739613,2.0,0.04586931226036756,0.0011868478823355976
0.0,15.0,1720.7831529068956,0.9506822398266589,0.0,0.04586931226036756,0.0011868478823355976
0.008984725965857976,5.0,2685.898871650363,0.8467194178121225,0.0,0.042534287259779854,0.012179969129180979
0.6031746031746033,15.0,4249.276269185839,0.9345596431878689,2.0,0.05742664852544672,0.02394590519567491
0.0018853695324283493,15.0,4221.812230038147,0.7970916337569318,0.0,0.049234578886292506,0.003456404090642766
0.016528925619834878,8.0,563.2149087402493,0.8928269423166267,2.0,0.05709508990234885,0.02508454585084902
0.0,7.0,1276.5897650743623,0.9139188844637691,1.0,0.05669978209545923,0.015098370903040633
-0.0036900369003690647,6.0,1014.6560384455903,0.6902696904687136,1.0,0.056446894540531714,0.027804465383436356
-0.018575851393188736,7.0,4222.068501921508,0.9614501883913915,2.0,0.05505535564532096,0.01396339258069797
0.0079631181894384,15.0,4674.946385251554,0.8225633465494138,1.0,0.04398195622997168,0.02391834741031392
-0.06565656565656564,5.0,4589.336100494455,0.6730783225021686,1.0,0.05669978209545923,0.015098370903040633
-0.0393258426966292,6.0,1608.4540028489557,0.581876436718496,2.0,0.05624486136256303,0.027406726759653156
0.06280193236714982,7.0,1020.3984106739822,0.7257827976211817,2.0,0.046655440706839954,0.015790114691645197
0.030612244897959107,5.0,2964.8470330756245,0.5890326539400383,0.0,0.05505535564532096,0.01396339258069797
0.0,5.0,4235.7946142545425,0.9727278206999774,2.0,0.049234578886292506,0.003456404090642766
0.011363636363636243,5.0,4522.2035166415335,0.5529848145195904,0.0,0.04787880352814251,0.014148734653334313
0.015113350125944391,7.0,4971.742049913105,0.668351627863629,0.0,0.056299623609801015,0.012396798042826096
-0.0332541567695962,6.0,1369.0679512743977,0.7131868447025569,0.0,0.04215849891493543,0.024833444979965605
0.03846153846153855,7.0,1059.3943436505342,0.718537418306842,2.0,0.05669978209545923,0.015098370903040633
0.026086956521739202,5.0,4735.386590763834,0.9913397130027974,0.0,0.05141064533756691,0.014441247201060567
0.0022172949002217113,5.0,1242.6425950050339,0.897965537884154,2.0,0.040674018244713755,0.006363303719059774
-0.013698630136986134,15.0,2720.3361142475296,0.5590916631442235,0.0,0.05278076037691521,0.003102746323470815
0.021739130434782483,15.0,2740.932905888989,0.6641399833722841,0.0,0.04215849891493543,0.024833444979965605
-0.03409090909090917,5.0,3544.2569789923923,0.9650879355266242,1.0,0.05688871415735318,0.011479680541308941
0.005689126348075613,15.0,702.5375276758871,0.540364918306883,2.0,0.05505535564532096,0.01396339258069797
-0.018561484918793614,15.0,2307.997751297469,0.7371684563354797,0.0,0.05669978209545923,0.015098370903040633
0.0,5.0,4850.4286362409175,0.8579355993686082,1.0,0.05278076037691521,0.003102746323470815
-0.0252808988764045,15.0,2136.2757076888265,0.6215557878359873,0.0,0.05688871415735318,0.011479680541308941
-0.017985611510791366,6.0,2459.3069689813265,0.8308464645107265,0.0,0.04215849891493543,0.024833444979965605
0.22222222222222232,15.0,3585.3795366297404,0.8477912448624708,1.0,0.041191926268336405,0.028740137179920192
-0.1467889908256882,15.0,2758.4999808991074,0.6670834678508415,0.0,0.04215849891493543,0.024833444979965605
0.037815126050420034,7.0,2818.6135553907297,0.7717900071564914,0.0,0.05688871415735318,0.011479680541308941
0.02202202202202197,15.0,931.2864530426848,0.8279694742514925,1.0,0.042534287259779854,0.012179969129180979
-0.0010121457489877805,7.0,4248.5802249732515,0.6544160952658915,0.0,0.047847699156441485,0.005793258554489626
-0.015602836879432536,6.0,3895.594038606325,0.6209155146376446,2.0,0.05019823537843596,0.020173147851111604
0.012214983713354943,6.0,2044.1373969817557,0.7303788025093301,0.0,0.05709508990234885,0.02508454585084902
0.016181229773462702,5.0,4890.514670271676,0.7814931870407915,1.0,0.045414182460557104,0.004465017510229887
-0.0034602076124566894,15.0,1333.8325368154765,0.6509645607903545,1.0,0.05060456244206974,0.005384147537619678
0.027027027027026973,7.0,1473.3322942209338,0.8167441965011868,2.0,0.04586931226036756,0.0011868478823355976
0.01939058171745134,6.0,1124.3379215934897,0.9394805428676329,1.0,0.04398195622997168,0.02391834741031392
-0.04385964912280704,15.0,1242.4854268334952,0.7524768893881075,1.0,0.0482266931867692,0.02379055133777476
0.04854368932038833,8.0,636.1171397173442,1.0,0.0,0.041191926268336405,0.028740137179920192
-0.02833158447009443,5.0,1763.7812501883282,0.6111331487303693,1.0,0.056643615377370185,0.011421229012505087
0.02111716621253401,15.0,4152.458806447373,0.9688221745894112,2.0,0.049234578886292506,0.003456404090642766
0.015590200445434244,15.0,2923.7400629780914,0.643094293217839,1.0,0.042534287259779854,0.012179969129180979
0.017389243720237424,6.0,2520.232960753765,0.6666243815411245,1.0,0.05416012147332199,0.029234358883588597
0.050000000000000044,5.0,4186.1402970342615,0.6042937169512296,0.0,0.047847699156441485,0.005793258554489626
-0.032258064516129115,15.0,2023.0624727072848,0.7001453427186273,2.0,0.04129023145504444,0.017134240572126546
-0.06896551724137923,5.0,4970.948353560144,0.7891376114326585,1.0,0.045414182460557104,0.004465017510229887
0.014672686230248422,15.0,2174.9969348092345,0.9206744593683676,2.0,0.047847699156441485,0.005793258554489626
-0.80788675429727,15.0,4980.787103328194,0.7533118970705844,1.0,0.04255450845151013,0.01382004386762254
1.6458333333333335,6.0,3502.95604063485,0.8618274708462154,2.0,0.05709508990234885,0.02508454585084902
0.05995717344753748,7.0,3294.00976567984,0.642568894927966,1.0,0.05688871415735318,0.011479680541308941
-0.028708133971291794,15.0,3053.452517565186,0.738491257814585,0.0,0.042534287259779854,0.012179969129180979
0.00291545189504383,6.0,3961.28993834252,0.5943317992203259,1.0,0.05416012147332199,0.029234358883588597
0.02637889688249384,15.0,1498.283857260683,0.5871186600181035,0.0,0.046655440706839954,0.015790114691645197
0.022727272727272707,5.0,1710.9387392479382,0.9369292514901008,0.0,0.05617581842763124,0.00023906073382488622
0.010269576379974277,15.0,3657.8532893374995,0.9567065344122431,1.0,0.05669978209545923,0.015098370903040633
-0.051948051948052076,5.0,764.0551386451247,0.9775684048263023,2.0,0.05060456244206974,0.005384147537619678
0.0,5.0,1573.6115162142642,0.5229931609949632,1.0,0.05505535564532096,0.01396339258069797
-0.23129251700680264,5.0,608.6305635008422,0.7629022130213394,2.0,0.050680493150051825,0.0036270518476437886
-0.008547008547008628,15.0,3092.409250183422,0.7742485165065592,0.0,0.05505535564532096,0.01396339258069797
0.031249999999999778,5.0,4085.77761254723,0.5303750571420562,1.0,0.05617581842763124,0.00023906073382488622
-0.0185185185185186,15.0,1522.7664959111316,0.6623127596558576,2.0,0.05709508990234885,0.02508454585084902
0.019607843137255054,7.0,4441.718625859519,0.9570160802195087,2.0,0.042534287259779854,0.012179969129180979
-0.054545454545454564,7.0,554.262155078436,0.8484676100530517,0.0,0.05505535564532096,0.01396339258069797
-0.008695652173912993,15.0,3179.0668524041926,0.5099781055951504,0.0,0.05505535564532096,0.01396339258069797
-0.050138949831797675,15.0,3088.835586062126,0.645891236527971,2.0,0.054091678541082384,0.0023074717041451464
-0.03703703703703709,15.0,3460.1254695337257,0.8313914607205541,1.0,0.05505535564532096,0.01396339258069797
0.007692307692307665,7.0,2147.699694531353,0.6979960922123332,2.0,0.04586931226036756,0.0011868478823355976
0.011235955056179803,5.0,3954.9895693782455,0.9583458301191111,2.0,0.05278076037691521,0.003102746323470815
0.011533052039381264,15.0,2768.5248932732534,0.9508389407452877,2.0,0.050680493150051825,0.0036270518476437886
-0.051851851851851816,5.0,1403.4947832546645,0.9298734053045032,0.0,0.040674018244713755,0.006363303719059774
-0.05633802816901401,8.0,2628.983514822532,0.7672232260480831,0.0,0.041191926268336405,0.028740137179920192
0.0,5.0,3591.8385444936885,0.5042528455647936,2.0,0.05669978209545923,0.015098370903040633
0.020000000000000018,7.0,4746.310767687353,0.5772841912734472,0.0,0.056643615377370185,0.011421229012505087
-0.0100138121546961,7.0,4350.310530345103,0.6389468778405598,0.0,0.049234578886292506,0.003456404090642766
0.007155635062611854,15.0,4917.702653721331,0.9181564473237567,2.0,0.056299623609801015,0.012396798042826096
0.030211480362537735,7.0,3520.2375544851793,0.9668300389936504,2.0,0.05505535564532096,0.01396339258069797
-0.03107605747010944,15.0,4939.8094086625415,0.7296140101902174,0.0,0.05060456244206974,0.005384147537619678
0.032258064516129004,15.0,3793.2241079218134,0.5522742281259738,2.0,0.05416012147332199,0.029234358883588597
-0.04470198675496684,15.0,4514.393489166694,0.7959434216865522,2.0,0.05669978209545923,0.015098370903040633
-0.039999999999999925,6.0,4507.478124520176,0.9005664299254628,2.0,0.041191926268336405,0.028740137179920192
0.014831717056474458,5.0,4805.093628424955,0.545819262036142,2.0,0.04129023145504444,0.017134240572126546
0.00679117147707986,5.0,4217.696534593688,0.5331698906423485,2.0,0.05360984783629877,0.0159895984012534
0.0,15.0,4489.901944385756,0.6584604400524267,1.0,0.05019823537843596,0.020173147851111604
0.004518072289156683,6.0,4818.132472403785,0.7582504045903296,2.0,0.05416012147332199,0.029234358883588597
0.016949152542372836,8.0,1962.1261687693707,0.8500054321038248,1.0,0.056446894540531714,0.027804465383436356
-0.025495750708215303,5.0,3611.0019257331383,0.8404193398033817,0.0,0.046655440706839954,0.015790114691645197
0.014044943820224809,15.0,4985.67728115127,0.8534136230972638,2.0,0.05019823537843596,0.020173147851111604
0.04065040650406493,5.0,4806.340009901218,0.7651074188059905,2.0,0.05669978209545923,0.015098370903040633
0.015734265734265618,8.0,830.850476115188,0.598841096264282,0.0,0.041191926268336405,0.028740137179920192
-0.03703703703703698,5.0,1906.8402380424486,0.5136240026164441,1.0,0.047847699156441485,0.005793258554489626
0.07191780821917804,5.0,3965.831557337012,0.6800513638228693,0.0,0.047847699156441485,0.005793258554489626
-0.1228813559322035,15.0,4982.33949624594,0.8979190129150441,1.0,0.045414182460557104,0.004465017510229887
0.012055109070034487,15.0,1642.5532031723624,0.6081608463040544,2.0,0.05416012147332199,0.029234358883588597
0.0,5.0,944.309969475238,0.6803853523615688,2.0,0.05360984783629877,0.0159895984012534
0.15662650602409633,6.0,2804.897836239844,0.7865424427330748,2.0,0.05709508990234885,0.02508454585084902
-0.01953125,15.0,1315.9192866464068,0.886562442745674,1.0,0.056446894540531714,0.027804465383436356
-0.009882643607164843,5.0,4764.38538414366,0.948597965159953,0.0,0.05617581842763124,0.00023906073382488622
0.05084050840508403,6.0,1207.9848198144014,0.8506702002005376,1.0,0.04215849891493543,0.024833444979965605
0.05677346824058471,8.0,2172.2547364165116,0.926261878737085,2.0,0.05742664852544672,0.02394590519567491
0.005347593582887722,5.0,4179.112383482636,0.5533901981298232,2.0,0.045414182460557104,0.004465017510229887
-0.003095975232198289,5.0,1123.6903624333086,0.8752100431234309,1.0,0.056643615377370185,0.011421229012505087
0.012064343163538993,5.0,4776.011657587728,0.5662295285897375,2.0,0.05060456244206974,0.005384147537619678
-0.02857142857142858,15.0,911.0245814345117,0.7346286233208438,2.0,0.056643615377370185,0.011421229012505087
-0.031100478468899406,7.0,1772.6944031411895,0.5720775336531027,0.0,0.05688871415735318,0.011479680541308941
-0.0273972602739726,7.0,2690.170354029751,0.956459183384324,2.0,0.05505535564532096,0.01396339258069797
0.030303030303030276,5.0,3766.934947759894,0.6351164483363825,0.0,0.047847699156441485,0.005793258554489626
0.0,15.0,4800.240335680094,0.9948105514331413,1.0,0.05624486136256303,0.027406726759653156
0.01891252955082745,5.0,4201.321122124604,0.9740154142636672,0.0,0.05360984783629877,0.0159895984012534
0.018750000000000044,6.0,1601.4502676400227,0.9551256573105087,2.0,0.05624486136256303,0.027406726759653156
0.0,6.0,1014.9253228362128,0.9594519677666624,1.0,0.05019823537843596,0.020173147851111604
0.04400000000000004,7.0,549.6839628746371,0.8420968100267143,1.0,0.05278076037691521,0.003102746323470815
0.2160804020100504,7.0,2408.960496659062,0.9128844908482714,0.0,0.056643615377370185,0.011421229012505087
0.010233918128654818,5.0,3306.086448190241,0.6832290286025596,0.0,0.05278076037691521,0.003102746323470815
-0.006578947368421018,15.0,4862.784230431942,0.54309878852555,1.0,0.040674018244713755,0.006363303719059774
0.010307842317871518,15.0,4293.215783615984,0.597894997139734,1.0,0.05360984783629877,0.0159895984012534
-0.009259259259259411,15.0,1493.3722371090764,0.5099365893313417,1.0,0.04255450845151013,0.01382004386762254
0.02652519893899208,7.0,2588.1017003438355,0.5124073290522726,0.0,0.054091678541082384,0.0023074717041451464
-0.02392344497607657,15.0,2233.4362369660103,0.7115427787791189,2.0,0.045414182460557104,0.004465017510229887
-0.032258064516129115,5.0,2271.1469283259853,0.6450951518605034,2.0,0.046655440706839954,0.015790114691645197
0.0050890585241731845,15.0,3618.6037281002104,0.6374271092592625,0.0,0.04398195622997168,0.02391834741031392
-0.019607843137254832,7.0,4791.829061174633,0.960024787772862,1.0,0.042534287259779854,0.012179969129180979
0.0,15.0,1423.5830497166357,0.5772104199397009,0.0,0.05416012147332199,0.029234358883588597
-0.05999970979584124,7.0,4099.75909541737,0.7026226859618002,1.0,0.05360984783629877,0.0159895984012534
-0.03703703703703709,5.0,4906.993124011782,0.7120722815526488,1.0,0.05360984783629877,0.0159895984012534
-0.02409638554216864,7.0,2641.328689993523,0.5667339823516193,1.0,0.056299623609801015,0.012396798042826096
-0.028526148969889142,7.0,2494.2896105961745,0.857777804397311,0.0,0.05360984783629877,0.0159895984012534
-0.061855670103092786,8.0,977.6060348958645,0.9944709739587858,1.0,0.056446894540531714,0.027804465383436356
0.13793103448275867,8.0,4792.591723469142,0.7552400589851012,0.0,0.04398195622997168,0.02391834741031392
0.011824324324324342,8.0,4924.225867983278,0.6889352739505625,1.0,0.0482266931867692,0.02379055133777476
-0.11904761904761907,15.0,2478.6021197685773,0.6166009305231901,0.0,0.045414182460557104,0.004465017510229887
0.04123711340206193,5.0,4830.430968321634,0.9538192688680094,2.0,0.040674018244713755,0.006363303719059774
0.029219864152645103,15.0,3667.708262400765,0.5509626579899902,2.0,0.046655440706839954,0.015790114691645197
0.012499999999999956,7.0,798.293375882924,0.5570409519090171,1.0,0.042534287259779854,0.012179969129180979
-0.00917431192660545,15.0,2497.2155353864546,0.6434737766809515,1.0,0.05141064533756691,0.014441247201060567
0.012903225806451646,6.0,1637.5602066657789,0.8063631764498507,1.0,0.041191926268336405,0.028740137179920192
-0.10285714285714287,8.0,2945.3682662023507,0.9066756684125208,1.0,0.05416012147332199,0.029234358883588597
0.0,15.0,2967.38226137627,0.8774402624103675,2.0,0.05278076037691521,0.003102746323470815
0.04166666666666674,6.0,4215.751423064832,0.9669068249057404,2.0,0.056446894540531714,0.027804465383436356
5.6,5.0,1146.163436281884,0.9538686545129842,0.0,0.05060456244206974,0.005384147537619678
0.012232415902140525,5.0,679.5376656323165,0.6085210141295949,2.0,0.046655440706839954,0.015790114691645197
0.0,15.0,606.0887957391865,0.7890567227455725,0.0,0.05019823537843596,0.020173147851111604
0.0,7.0,890.1113994424227,0.6117703700136246,1.0,0.05669978209545923,0.015098370903040633
-0.006040389469888163,7.0,3535.3056619690415,0.9254946424255338,0.0,0.04255450845151013,0.01382004386762254
0.09090909090909083,15.0,3883.4972562167604,0.9589647951364377,1.0,0.041191926268336405,0.028740137179920192
-0.005633802816901512,15.0,1729.3347692955022,0.8881025481799183,1.0,0.04586931226036756,0.0011868478823355976
-0.06666666666666665,15.0,3491.328592538151,0.7759829994445069,0.0,0.05617581842763124,0.00023906073382488622
0.02684563758389258,7.0,4886.625124738634,0.838498311985781,0.0,0.056643615377370185,0.011421229012505087
-0.03571428571428559,6.0,3923.9504968200913,0.6067757490024346,2.0,0.05019823537843596,0.020173147851111604
-0.008695652173912993,15.0,1813.9613623967593,0.5794434751484656,1.0,0.04586931226036756,0.0011868478823355976
-0.06122448979591821,7.0,1692.8732255508273,0.9635189585354926,0.0,0.046655440706839954,0.015790114691645197
0.0,8.0,811.7720305685868,0.9139076201560876,2.0,0.05019823537843596,0.020173147851111604
0.05769230769230771,15.0,1362.7974755190312,0.9334707414840542,0.0,0.05060456244206974,0.005384147537619678
-0.03755868544600938,5.0,3615.662069260596,0.6004139672199709,2.0,0.042534287259779854,0.012179969129180979
0.0,5.0,2413.543811471428,0.9937741818209974,0.0,0.04787880352814251,0.014148734653334313
0.01589723354816064,5.0,870.0821062776178,0.628070058824321,2.0,0.045414182460557104,0.004465017510229887
-0.017937219730941756,15.0,4304.271210994002,0.8994168408518659,0.0,0.04787880352814251,0.014148734653334313
0.01754385964912264,5.0,4801.596917559828,0.7730880393135607,0.0,0.045414182460557104,0.004465017510229887
0.01939058171745134,15.0,925.3487065268391,0.5645463570239828,1.0,0.05060456244206974,0.005384147537619678
0.0,5.0,3290.874016847918,0.8840305103166257,2.0,0.04586931226036756,0.0011868478823355976
-0.01666666666666672,15.0,3966.1348548457563,0.9704291501070216,1.0,0.05141064533756691,0.014441247201060567
23.454581515271716,7.0,4411.1041313604965,0.5379983204050015,1.0,0.056643615377370185,0.011421229012505087
-0.02614379084967311,5.0,3875.0391937039576,0.9067636445374447,2.0,0.04787880352814251,0.014148734653334313
-0.008333333333333304,15.0,4377.888745639519,1.0,2.0,0.04398195622997168,0.02391834741031392
0.042003231017770704,7.0,4155.1945176450445,0.6775094793418084,1.0,0.05505535564532096,0.01396339258069797
5.167532467532467,15.0,2507.9145612745497,0.9315494480710498,1.0,0.046655440706839954,0.015790114691645197
0.0060240963855420215,6.0,3455.5794533121602,0.6866628362553553,0.0,0.056446894540531714,0.027804465383436356
-0.16666666666666663,7.0,1950.9475963207694,0.5703528563489053,1.0,0.05688871415735318,0.011479680541308941
0.0,7.0,3073.343441760368,0.8856581156325349,1.0,0.04586931226036756,0.0011868478823355976
-0.03149606299212593,8.0,726.9696125716687,1.0,0.0,0.05742664852544672,0.02394590519567491
-0.058394160583941535,15.0,4381.1714279053285,0.8554891225532135,0.0,0.056446894540531714,0.027804465383436356
0.011668243456322891,15.0,4048.6333603035923,0.8445242527467841,0.0,0.046655440706839954,0.015790114691645197
-0.012195121951219523,7.0,3937.4489491244058,0.815065050888524,2.0,0.040674018244713755,0.006363303719059774
0.0030769230769231992,7.0,4374.788774302986,0.8919706110957688,1.0,0.04129023145504444,0.017134240572126546
-0.021739130434782483,8.0,4737.839561447257,0.9215331373714788,0.0,0.056446894540531714,0.027804465383436356
0.021126760563380254,15.0,832.2515052478493,0.7555429583897151,0.0,0.050680493150051825,0.0036270518476437886
-0.009389671361502261,5.0,3735.399694497443,0.6963840459777562,0.0,0.049234578886292506,0.003456404090642766
0.15662650602409633,7.0,2350.7523419718814,0.8066372216278788,0.0,0.05278076037691521,0.003102746323470815
0.019984012789768135,7.0,1946.2307189549142,0.9561926022261743,0.0,0.050680493150051825,0.0036270518476437886
0.0297278897530584,7.0,2641.9498499946712,0.5023800811465944,1.0,0.045414182460557104,0.004465017510229887
0.008264462809917328,5.0,2958.228569417159,0.6832731232738596,1.0,0.056299623609801015,0.012396798042826096
-0.0045977011494253706,15.0,2903.694103773124,0.568273647710374,1.0,0.05360984783629877,0.0159895984012534
0.00746268656716409,7.0,3049.5934904399032,0.7642498761127258,2.0,0.05360984783629877,0.0159895984012534
0.0003654302941715759,15.0,2510.194942401431,0.5500160988957208,0.0,0.05617581842763124,0.00023906073382488622
0.012290794979079589,5.0,2659.0944724538313,0.5476129277841977,2.0,0.04255450845151013,0.01382004386762254
0.014222222222222136,15.0,4641.980974067348,0.7304193310767002,1.0,0.045414182460557104,0.004465017510229887
0.0,7.0,1321.589467361463,0.6537621278919477,2.0,0.050680493150051825,0.0036270518476437886
-0.06666666666666676,5.0,971.8006551088325,0.5697769684285137,0.0,0.05688871415735318,0.011479680541308941
0.06000000000000005,15.0,2705.008749411482,0.7636824933671997,2.0,0.05019823537843596,0.020173147851111604
-0.1428571428571429,7.0,4385.888996690094,0.940505671460002,2.0,0.04787880352814251,0.014148734653334313
0.04878048780487809,15.0,3905.9824195099372,0.5552089538489109,0.0,0.05617581842763124,0.00023906073382488622
0.02941176470588225,15.0,4729.064179195159,0.9494356511566633,2.0,0.05624486136256303,0.027406726759653156
-0.027472527472527486,7.0,1442.8033085165248,0.8774177827647279,0.0,0.045414182460557104,0.004465017510229887
-0.03149606299212604,15.0,4026.249896813605,0.5163124905212538,1.0,0.04787880352814251,0.014148734653334313
0.002689618074233513,15.0,1296.0755213640234,0.8816656857029042,1.0,0.056446894540531714,0.027804465383436356
0.03983716196568765,7.0,3343.7483125996227,0.8556243711037608,1.0,0.045414182460557104,0.004465017510229887
0.0,5.0,1794.6704952031623,0.8069151638189072,0.0,0.047847699156441485,0.005793258554489626
0.023255813953488413,15.0,932.1097801812259,0.7873827466398104,0.0,0.045414182460557104,0.004465017510229887
-0.0423728813559322,15.0,1947.9915228698148,0.738419046328542,0.0,0.050680493150051825,0.0036270518476437886
-0.022598870056497078,15.0,2325.0691150668367,0.8854648537850776,1.0,0.05060456244206974,0.005384147537619678
0.014598540145985384,8.0,801.0087574877705,0.5762085077308228,1.0,0.0482266931867692,0.02379055133777476
0.022522522522522515,15.0,4938.064121894676,0.8370879831651754,0.0,0.042534287259779854,0.012179969129180979
0.0015576323987538387,15.0,4926.802517758799,0.8132229063998752,0.0,0.05278076037691521,0.003102746323470815
0.02392344497607657,6.0,2959.9092665289004,0.6575812158814955,1.0,0.04215849891493543,0.024833444979965605
0.0,15.0,2345.7283967621725,0.8194636805658981,0.0,0.04129023145504444,0.017134240572126546
-0.008196721311475419,15.0,837.4489271652499,0.8664968078166528,0.0,0.049234578886292506,0.003456404090642766
0.0,15.0,524.7215712038161,0.983075485926393,1.0,0.04129023145504444,0.017134240572126546
0.07333333333333347,7.0,2521.7868033538207,0.8026015885961195,1.0,0.040674018244713755,0.006363303719059774
0.05789473684210544,6.0,3147.7928421134943,0.7122072560852981,0.0,0.05624486136256303,0.027406726759653156
0.01587026276992476,15.0,4558.579584729985,0.5178355799646776,1.0,0.05669978209545923,0.015098370903040633
-0.006079027355622935,8.0,1340.7853562509129,0.6503540724670047,2.0,0.05742664852544672,0.02394590519567491
-0.0073260073260073,7.0,1883.1939445518565,0.6809803325333498,2.0,0.050680493150051825,0.0036270518476437886
0.02515723270440251,5.0,1399.455453487341,0.6278037800344878,0.0,0.04787880352814251,0.014148734653334313
-0.0449438202247191,15.0,621.3488799591536,0.840873606994462,2.0,0.045414182460557104,0.004465017510229887
-0.05122494432071267,15.0,4608.987084268121,0.7812421146219699,2.0,0.05141064533756691,0.014441247201060567
0.021341463414634276,15.0,864.6601099129282,1.0,1.0,0.05742664852544672,0.02394590519567491
0.009615384615384581,15.0,3282.9029059522863,0.9360339665299926,0.0,0.056446894540531714,0.027804465383436356
-0.003724394785847407,5.0,3143.9737670808026,0.7916575746799578,1.0,0.05141064533756691,0.014441247201060567
-0.031746031746031744,7.0,3546.5097696896355,0.9595736123746808,0.0,0.049234578886292506,0.003456404090642766
-0.2727272727272726,6.0,2843.4719252931745,0.970437105143916,0.0,0.056446894540531714,0.027804465383436356
-0.011128095383674763,8.0,1162.3944321996737,0.5981635896660698,1.0,0.056446894540531714,0.027804465383436356
0.0,15.0,2879.59465889241,0.7824047860982635,2.0,0.046655440706839954,0.015790114691645197
0.015625,7.0,3537.644251910274,0.6119554434652488,1.0,0.05505535564532096,0.01396339258069797
0.05660377358490565,15.0,918.6808754520773,0.7339009295005401,0.0,0.041191926268336405,0.028740137179920192
-0.0625,8.0,3669.1682070610063,0.7395483965224628,1.0,0.04398195622997168,0.02391834741031392
0.04819277108433728,7.0,4315.543081662661,0.7330258236565823,2.0,0.05060456244206974,0.005384147537619678
-0.006568144499178974,15.0,4278.091985117431,0.9373851399326096,0.0,0.046655440706839954,0.015790114691645197
-0.09931506849315064,5.0,1581.7241061241016,0.7678945541448711,2.0,0.05688871415735318,0.011479680541308941
-0.03823529411764692,7.0,601.8418780913931,0.5482871821064652,0.0,0.05505535564532096,0.01396339258069797
0.03234880450070343,6.0,2385.1726713649427,0.877549743971078,1.0,0.04398195622997168,0.02391834741031392
-0.13385826771653542,5.0,2940.976057970366,0.8391705403611408,2.0,0.04787880352814251,0.014148734653334313
0.0277777777777779,7.0,3952.5829076035225,0.6282522879257724,0.0,0.05669978209545923,0.015098370903040633
0.024482109227871973,5.0,1177.2675972484692,0.5497179599896242,2.0,0.05669978209545923,0.015098370903040633
0.0,15.0,4535.504393635001,1.0,0.0,0.04215849891493543,0.024833444979965605
-0.07692307692307698,7.0,1294.8037045059782,0.7200098814366728,2.0,0.04586931226036756,0.0011868478823355976
0.009803921568627638,15.0,4593.470813856194,0.5517043778796829,2.0,0.040674018244713755,0.006363303719059774
0.0,15.0,3708.5693602249917,0.7718637679356466,0.0,0.04129023145504444,0.017134240572126546
0.010204081632652962,8.0,4186.99755405683,0.9580585904648109,1.0,0.041191926268336405,0.028740137179920192
-0.044117647058823484,15.0,4864.802015144493,0.8675718881787359,1.0,0.05688871415735318,0.011479680541308941
0.030769230769230882,15.0,3957.830486602067,0.8134059294200716,1.0,0.05505535564532096,0.01396339258069797
-0.019607843137254832,8.0,4549.074871801602,0.8169192432547142,2.0,0.0482266931867692,0.02379055133777476
0.0494505494505495,5.0,733.3176806392772,0.819138240112018,2.0,0.05669978209545923,0.015098370903040633
0.03956834532374098,5.0,1729.4401134762927,0.7112894662134877,0.0,0.04586931226036756,0.0011868478823355976
-0.038428693424423566,8.0,4102.628014799549,0.9603128456529985,1.0,0.05624486136256303,0.027406726759653156
-0.003663003663003761,7.0,3437.2137386190457,0.9835785629756557,1.0,0.050680493150051825,0.0036270518476437886
0.0,7.0,2503.285794853916,0.7533704745847041,0.0,0.05669978209545923,0.015098370903040633
0.0,7.0,2878.6924375690824,0.9172596941710743,0.0,0.05617581842763124,0.00023906073382488622
0.07317073170731736,5.0,3845.017766449601,0.5704760973688292,2.0,0.05360984783629877,0.0159895984012534
0.15384615384615374,15.0,2659.4274574891006,0.995482658242822,1.0,0.056446894540531714,0.027804465383436356
0.012499999999999956,7.0,4449.369068342553,0.7513108029802102,1.0,0.05278076037691521,0.003102746323470815
-0.016129032258064613,15.0,1818.3805258716507,0.9864988936817165,1.0,0.05278076037691521,0.003102746323470815
-0.009126466753585416,15.0,3584.8404827210775,0.9017151725799653,2.0,0.05505535564532096,0.01396339258069797
0.02298850574712663,6.0,4151.885306735814,1.0,1.0,0.05742664852544672,0.02394590519567491
0.01812688821752273,7.0,500.4439240918953,0.8747364082092131,0.0,0.045414182460557104,0.004465017510229887
0.004566210045662267,7.0,990.6963689223617,0.9329742723960619,1.0,0.05141064533756691,0.014441247201060567
-0.0013908205841447474,5.0,3880.49870554637,0.8709382895257548,0.0,0.04129023145504444,0.017134240572126546
-0.015503875968992276,5.0,2827.1907449860187,0.7262716153704931,1.0,0.056643615377370185,0.011421229012505087
-0.08222811671087538,6.0,1544.304572499265,0.9447876597702243,2.0,0.0482266931867692,0.02379055133777476
-0.050000000000000044,5.0,3078.8421180711516,0.6349816887790555,0.0,0.054091678541082384,0.0023074717041451464
0.01001669449081799,15.0,3034.6942782541096,0.6155331474168277,0.0,0.045414182460557104,0.004465017510229887
0.00828729281767937,8.0,3114.625023473224,0.5919593124906475,1.0,0.05709508990234885,0.02508454585084902
-0.011235955056179692,5.0,2458.912085464112,0.8146410248448169,1.0,0.05278076037691521,0.003102746323470815
0.0,5.0,2751.6014346262205,0.5772113168818696,1.0,0.05141064533756691,0.014441247201060567
0.032258064516129226,7.0,3787.704035982556,0.9489223640529856,0.0,0.046655440706839954,0.015790114691645197
0.0612772240679218,8.0,2370.010085774994,0.9106308055851634,1.0,0.05624486136256303,0.027406726759653156
-0.048744460856720795,7.0,4534.054163285098,0.6087939523733015,2.0,0.045414182460557104,0.004465017510229887
0.004384216819449893,15.0,1553.96471433068,0.7020254830555073,1.0,0.042534287259779854,0.012179969129180979
-0.03112033195020747,6.0,3830.4418623106308,0.9988409717968687,1.0,0.05416012147332199,0.029234358883588597
0.03596167039192699,7.0,3404.4904793281203,0.8201447872132521,1.0,0.05360984783629877,0.0159895984012534
0.021052631578947434,15.0,3764.3863918635666,0.8116183626859237,1.0,0.05669978209545923,0.015098370903040633
0.050000000000000044,15.0,4722.301691593839,0.807116896441127,2.0,0.05141064533756691,0.014441247201060567
0.0182648401826484,7.0,930.6559923984755,0.554838910716753,2.0,0.05060456244206974,0.005384147537619678
-0.017857142857142794,7.0,2589.753387180533,0.5516598755327708,1.0,0.04255450845151013,0.01382004386762254
0.006779661016949046,15.0,902.1704381112156,0.8935284020594885,2.0,0.05742664852544672,0.02394590519567491
-0.019607843137254832,5.0,1527.7218054650596,0.9078217362546477,2.0,0.05688871415735318,0.011479680541308941
-0.01388888888888895,7.0,946.3958233557423,0.5703937684140166,1.0,0.04787880352814251,0.014148734653334313
0.012027491408934665,7.0,825.7116340382737,0.720793374275454,0.0,0.050680493150051825,0.0036270518476437886
0.011516314779270731,15.0,2202.8611907490204,0.6949919489876747,0.0,0.0482266931867692,0.02379055133777476
0.0,6.0,2406.7248421256927,0.9361573888450967,2.0,0.05019823537843596,0.020173147851111604
0.0,5.0,1751.955957108769,0.9749127795912462,0.0,0.05505535564532096,0.01396339258069797
0.0009560229445506607,15.0,4561.189703605462,0.8753299217076436,2.0,0.04586931226036756,0.0011868478823355976
0.021525215252152563,7.0,4539.882096522467,0.5823035992562497,1.0,0.056643615377370185,0.011421229012505087
-0.023809523809523947,6.0,3864.220471082114,1.0,1.0,0.056446894540531714,0.027804465383436356
0.05964912280701751,8.0,3097.1494985813056,0.717177984462239,2.0,0.05019823537843596,0.020173147851111604
0.06271777003484313,5.0,3905.9086444124605,0.9577767753511418,2.0,0.05060456244206974,0.005384147537619678
0.5526315789473686,15.0,4650.133677781764,0.6339314314871476,0.0,0.04255450845151013,0.01382004386762254
-0.008403361344537785,5.0,4884.013031831622,0.8233322510524467,2.0,0.04586931226036756,0.0011868478823355976
0.04123711340206193,7.0,3136.847655375146,0.6869099500405216,2.0,0.042534287259779854,0.012179969129180979
0.029366306027820643,15.0,671.1908642835011,0.7647131740255535,2.0,0.05505535564532096,0.01396339258069797
0.1304347826086958,5.0,3048.822003474057,0.6460287761958259,1.0,0.04255450845151013,0.01382004386762254
-0.023809523809523947,8.0,1836.2897351441925,1.0,0.0,0.05742664852544672,0.02394590519567491
0.012401352874858995,15.0,2687.128642747588,0.8045387329677838,1.0,0.05360984783629877,0.0159895984012534
0.04843304843304841,6.0,3354.6989688825183,0.8909468948179111,2.0,0.04398195622997168,0.02391834741031392
0.010865191146881337,7.0,667.2935017111733,0.9562996441933532,2.0,0.047847699156441485,0.005793258554489626
1.7517564402810302,7.0,2116.696387531766,0.7877158556604524,1.0,0.04255450845151013,0.01382004386762254
0.05692014614259033,15.0,2592.792271658929,0.5536578661814086,0.0,0.047847699156441485,0.005793258554489626
-0.004464285714285587,5.0,4609.661270674919,0.8331487931115715,2.0,0.05060456244206974,0.005384147537619678
0.0,15.0,3066.922212018151,0.7428022908559222,1.0,0.05416012147332199,0.029234358883588597
-0.002225189141076944,7.0,2369.2482293652592,0.8572894863327449,0.0,0.05141064533756691,0.014441247201060567
0.03498727735368945,6.0,2685.913413287475,0.8310494000791395,2.0,0.04215849891493543,0.024833444979965605
0.05882352941176472,7.0,1684.5877220472612,0.6809954381243157,1.0,0.04787880352814251,0.014148734653334313
0.02114803625377637,15.0,4660.802061328357,0.697624590700908,2.0,0.05617581842763124,0.00023906073382488622
0.01744186046511631,6.0,3716.819807247874,0.9448006514676291,1.0,0.05416012147332199,0.029234358883588597
0.008000000000000007,5.0,3501.9764883312346,0.5632698929501418,0.0,0.04129023145504444,0.017134240572126546
-0.023404255319148914,8.0,4733.335410843333,0.9541237427591582,2.0,0.04215849891493543,0.024833444979965605
0.0,15.0,978.2476669254281,0.6726493771293265,1.0,0.05688871415735318,0.011479680541308941
0.013933547695605508,7.0,4782.3047150727725,0.8966497713647118,2.0,0.047847699156441485,0.005793258554489626
0.029676258992805682,5.0,906.369491992796,0.6030254944882638,0.0,0.054091678541082384,0.0023074717041451464
-0.0039215686274510775,6.0,1591.6862526365296,0.7834691409499533,1.0,0.05742664852544672,0.02394590519567491
-0.067700987306065,8.0,4660.552255840787,0.7855426464028507,2.0,0.05416012147332199,0.029234358883588597
22.655522779416586,5.0,4920.958651844545,0.9552126083972172,1.0,0.04129023145504444,0.017134240572126546
0.028340080971659853,5.0,2042.567462080762,0.6942668920763526,0.0,0.05669978209545923,0.015098370903040633
0.0,15.0,4885.715882953174,0.8620049010812942,0.0,0.047847699156441485,0.005793258554489626
0.01030927835051565,7.0,2087.753535499689,0.6650714052570079,2.0,0.04129023145504444,0.017134240572126546
0.0370370370370372,15.0,1751.7716937216276,0.7460074283317037,1.0,0.04215849891493543,0.024833444979965605
0.004566210045662267,6.0,1739.639849863303,0.9722456719960735,1.0,0.05416012147332199,0.029234358883588597
0.025641025641025772,7.0,3331.6651030672388,0.822849001649161,1.0,0.056643615377370185,0.011421229012505087
0.015625,7.0,4315.4581873422885,0.620062900915365,1.0,0.05278076037691521,0.003102746323470815
0.012048192771084265,7.0,2234.5897175288123,0.8216837060280061,1.0,0.04787880352814251,0.014148734653334313
0.0847457627118644,5.0,2403.429354153218,0.9916148778298881,2.0,0.05669978209545923,0.015098370903040633
-0.03125,8.0,2410.627005508046,0.8494472108251121,2.0,0.05742664852544672,0.02394590519567491
0.02637889688249384,8.0,4275.093889945709,0.9312115925007581,1.0,0.05019823537843596,0.020173147851111604
-0.09090909090909094,15.0,3609.566204308,0.8858676555565621,2.0,0.04586931226036756,0.0011868478823355976
0.03846153846153855,15.0,2862.9068337980857,0.8200088748330012,1.0,0.04215849891493543,0.024833444979965605
-0.06593406593406592,6.0,866.8459502232668,0.7413928573460375,2.0,0.05742664852544672,0.02394590519567491
0.0079631181894384,15.0,3142.9161399248806,0.801441593264681,0.0,0.05617581842763124,0.00023906073382488622
-0.022222222222222143,8.0,1284.5853630822758,0.8810442677435599,1.0,0.05416012147332199,0.029234358883588597
0.008333333333333304,7.0,3167.462689704589,0.8196407232699106,0.0,0.05278076037691521,0.003102746323470815
0.0,5.0,4618.918510990929,0.766258696153685,2.0,0.05278076037691521,0.003102746323470815
0.0019660850331777446,15.0,1516.1679077018887,0.9519454621953696,2.0,0.056643615377370185,0.011421229012505087
-0.9279408745637446,8.0,4308.224117314972,1.0,2.0,0.05019823537843596,0.020173147851111604
0.033707865168539186,7.0,1315.1507463930109,0.9050882771804036,2.0,0.05617581842763124,0.00023906073382488622
0.0869565217391306,15.0,895.675889028061,0.6378292618439396,1.0,0.050680493150051825,0.0036270518476437886
-0.08571428571428563,6.0,803.9655465910084,0.7156385300131731,2.0,0.05709508990234885,0.02508454585084902
0.009803921568627638,5.0,3182.6638497492086,0.8172670544375891,2.0,0.045414182460557104,0.004465017510229887
0.05063291139240511,7.0,2050.5412989291103,0.5701859328306511,0.0,0.05278076037691521,0.003102746323470815
0.08333333333333348,7.0,3151.070723425562,0.5959889116516661,2.0,0.050680493150051825,0.0036270518476437886
-0.08651109846328964,5.0,4340.044555297669,0.8854459618748067,0.0,0.054091678541082384,0.0023074717041451464
0.022471910112359383,15.0,732.0676403515265,0.7761868292170717,1.0,0.054091678541082384,0.0023074717041451464
7.010309278350517,15.0,4328.16052549294,0.5581131155295906,0.0,0.042534287259779854,0.012179969129180979
0.09090909090909083,5.0,1146.3723606441486,0.73750760670926,2.0,0.047847699156441485,0.005793258554489626
0.013157894736842257,8.0,2283.4408942950013,0.7851631590739948,1.0,0.04215849891493543,0.024833444979965605
-0.08196721311475408,5.0,4024.944739697486,0.5565356769225942,2.0,0.056299623609801015,0.012396798042826096
-0.007267441860465129,15.0,3838.589890141428,0.9370286014177285,2.0,0.05742664852544672,0.02394590519567491
0.01298701298701288,7.0,4127.451127633505,0.7166182068246894,1.0,0.04255450845151013,0.01382004386762254
0.01891252955082745,5.0,3962.8913161386904,0.6884569371979861,0.0,0.042534287259779854,0.012179969129180979
-0.09999999999999998,7.0,3078.4177418001536,0.7239805796166061,1.0,0.040674018244713755,0.006363303719059774
-0.05294117647058827,7.0,1875.8575200189478,0.6807827118001022,2.0,0.05278076037691521,0.003102746323470815
0.026315789473684292,15.0,2522.0135330578973,0.7113380434046828,2.0,0.05141064533756691,0.014441247201060567
0.0,7.0,4351.710055140672,0.5909588279147714,2.0,0.04255450845151013,0.01382004386762254
-0.01661129568106312,8.0,4588.567979454039,0.6208637633199945,2.0,0.04398195622997168,0.02391834741031392
0.024965325936199934,15.0,4664.267909118689,0.5872592927144448,1.0,0.05617581842763124,0.00023906073382488622
0.025316455696202445,15.0,1472.5595741159325,0.5239854103273321,0.0,0.05060456244206974,0.005384147537619678
0.027871939736346496,7.0,1802.9004700847531,0.8989738157450002,0.0,0.045414182460557104,0.004465017510229887
-0.13636363636363624,7.0,2129.9402419174053,0.9512252771644947,1.0,0.04255450845151013,0.01382004386762254
0.026104417670682833,15.0,4832.701197653469,0.7912361878621219,1.0,0.054091678541082384,0.0023074717041451464
-0.07339449541284415,7.0,1850.2596427927256,0.8527939156318358,2.0,0.049234578886292506,0.003456404090642766
0.08000000000000007,8.0,3228.482317256408,0.9091332132449127,2.0,0.04215849891493543,0.024833444979965605
-0.018094731240021367,6.0,4052.7558740638906,1.0,0.0,0.0482266931867692,0.02379055133777476
0.06043956043956045,15.0,868.2085546536341,0.9293626854271493,0.0,0.056446894540531714,0.027804465383436356
-0.012345679012345623,15.0,2054.7892313372367,0.6148689679424999,1.0,0.042534287259779854,0.012179969129180979
0.0,15.0,3827.808952959993,0.8943468792351926,0.0,0.04215849891493543,0.024833444979965605
-0.02183039462636438,15.0,4220.971787080454,1.0,1.0,0.05019823537843596,0.020173147851111604
-0.008810572687224627,7.0,4620.507059345312,0.9246289065306424,2.0,0.05669978209545923,0.015098370903040633
0.121326124921042,8.0,3399.8950600166563,0.6669047273948944,2.0,0.0482266931867692,0.02379055133777476
-0.01388888888888884,6.0,1308.8850676978104,0.9101465670034188,1.0,0.04398195622997168,0.02391834741031392
0.03333333333333344,15.0,3374.308908463515,0.6624301145169706,1.0,0.04398195622997168,0.02391834741031392
-0.01684836471754214,7.0,2728.271900873995,0.5317738241020349,0.0,0.054091678541082384,0.0023074717041451464
0.11111111111111116,15.0,866.3241372299154,0.9181131850213555,0.0,0.056299623609801015,0.012396798042826096
0.019230769230769162,5.0,1708.6996719529957,0.5404286973096275,2.0,0.05505535564532096,0.01396339258069797
0.009857072449482418,6.0,4150.180824165328,0.8650890629360373,2.0,0.05742664852544672,0.02394590519567491
0.011904761904761862,7.0,1159.5264621680458,0.7729886697363744,0.0,0.05688871415735318,0.011479680541308941
-0.011406844106463865,15.0,2864.999630214939,0.5515918436673614,0.0,0.05617581842763124,0.00023906073382488622
0.01505646173149322,7.0,4313.591866251293,0.6570505308027506,2.0,0.05141064533756691,0.014441247201060567
-0.011489536315141491,15.0,3543.233667707469,0.7554136459661795,2.0,0.05669978209545923,0.015098370903040633
0.014799154334038223,6.0,2163.513136736952,0.6943236994973334,0.0,0.05624486136256303,0.027406726759653156
-0.10559006211180133,6.0,3622.4304045050794,0.7428704452377851,1.0,0.0482266931867692,0.02379055133777476
-0.03571428571428559,5.0,515.5714895972236,0.7810398883554939,2.0,0.056643615377370185,0.011421229012505087
0.0034364261168384758,5.0,3733.779579500887,0.6052311387275766,1.0,0.05669978209545923,0.015098370903040633
0.01041666666666674,6.0,4109.758350652824,0.7714058947589534,0.0,0.05709508990234885,0.02508454585084902
-0.07692307692307698,15.0,2167.1410172045044,0.6535294987479883,1.0,0.056446894540531714,0.027804465383436356
0.0,5.0,4394.739189483641,0.6171447634176486,1.0,0.04129023145504444,0.017134240572126546
0.0,15.0,2015.7644837793323,0.6994144185102423,1.0,0.056643615377370185,0.011421229012505087
-0.01538461538461533,6.0,770.9328269524315,0.7569526048414366,2.0,0.05709508990234885,0.02508454585084902
-0.006149732620320925,7.0,4933.602017900683,0.6715357848944583,2.0,0.04787880352814251,0.014148734653334313
0.059171597633136175,5.0,4423.653575366856,0.8966733599450081,0.0,0.04255450845151013,0.01382004386762254
0.005970149253731405,7.0,2505.4094385950066,0.9723888089312939,1.0,0.040674018244713755,0.006363303719059774
0.02347611202635913,7.0,510.44640089002394,0.7138179393354755,1.0,0.04787880352814251,0.014148734653334313
-0.15384615384615385,8.0,1548.3339089390906,0.9896141943202031,1.0,0.0482266931867692,0.02379055133777476
0.017621145374449476,7.0,4024.353319976147,0.7612040392124035,2.0,0.056299623609801015,0.012396798042826096
0.03591564812774628,15.0,3046.5165425724776,0.7586005131342337,0.0,0.049234578886292506,0.003456404090642766
0.022753128555176305,5.0,1660.993927690922,0.6263699895927803,1.0,0.046655440706839954,0.015790114691645197
0.008403361344537785,15.0,1521.575773896809,0.6076231299569126,1.0,0.056446894540531714,0.027804465383436356
0.09090909090909083,5.0,4263.939085355745,0.8131858456833579,0.0,0.04586931226036756,0.0011868478823355976
0.0,15.0,2493.359088832106,0.9540980123150304,1.0,0.05742664852544672,0.02394590519567491
0.0,15.0,4077.466421805373,0.7460291589808106,0.0,0.05278076037691521,0.003102746323470815
-0.09345794392523366,7.0,4909.0463563820285,0.6309360526511205,0.0,0.042534287259779854,0.012179969129180979
0.016241299303944245,6.0,2206.9422395039965,1.0,2.0,0.04215849891493543,0.024833444979965605
0.030456852791878264,15.0,931.5389778018038,0.8097547038955778,1.0,0.05688871415735318,0.011479680541308941
-0.03618421052631571,7.0,4649.407126610492,0.9522004637937951,0.0,0.040674018244713755,0.006363303719059774
0.0,6.0,1573.6554777007923,0.9957803453080881,2.0,0.05742664852544672,0.02394590519567491
-0.05788423153692612,15.0,3149.5080097331356,0.8691989146128438,1.0,0.050680493150051825,0.0036270518476437886
0.004016064257028162,7.0,3051.2808514807152,0.9475269731057663,1.0,0.04787880352814251,0.014148734653334313
0.010101010101010166,5.0,4643.696546437046,0.988678710556993,0.0,0.049234578886292506,0.003456404090642766
0.0026350461133068936,15.0,2549.3702237938614,0.7423149153806392,0.0,0.05278076037691521,0.003102746323470815
0.026946107784431073,5.0,2106.2889143326347,0.5504074944493205,2.0,0.04255450845151013,0.01382004386762254
0.04597701149425282,5.0,3945.7702295800286,0.5477239057446495,2.0,0.05278076037691521,0.003102746323470815
0.0521861777150916,5.0,872.1185500669917,0.8544184783831027,2.0,0.047847699156441485,0.005793258554489626
0.008968609865470878,15.0,4646.410129815753,0.6814293306734462,2.0,0.04255450845151013,0.01382004386762254
0.004424778761061843,7.0,3906.728394841693,0.9646038058999371,2.0,0.042534287259779854,0.012179969129180979
0.0,5.0,2962.9029103337475,0.9044300437340681,0.0,0.047847699156441485,0.005793258554489626
0.11374407582938373,8.0,1779.4695928270594,0.7634960410626143,0.0,0.05019823537843596,0.020173147851111604
0.0,5.0,2494.3965866382596,0.6917374508174299,2.0,0.050680493150051825,0.0036270518476437886
-0.04950495049504955,7.0,1288.3305293351743,0.5973743538460192,2.0,0.05360984783629877,0.0159895984012534
0.03846153846153855,15.0,905.0626340064766,0.6996873077611098,2.0,0.05688871415735318,0.011479680541308941
0.054095826893354015,7.0,2260.1728905016785,0.5560897852533859,1.0,0.04129023145504444,0.017134240572126546
-0.01680672268907568,15.0,2779.136899253077,0.8037265853766538,2.0,0.04586931226036756,0.0011868478823355976
-0.0185185185185186,7.0,3902.3045573453674,0.7563343562704458,0.0,0.05669978209545923,0.015098370903040633
0.010067114093959662,15.0,4596.09279593805,0.9081120205446271,1.0,0.050680493150051825,0.0036270518476437886
0.0,7.0,1272.4995512823318,0.6750152470500046,0.0,0.04255450845151013,0.01382004386762254
0.0,5.0,3117.1012201207977,0.6983055844974462,1.0,0.050680493150051825,0.0036270518476437886
-0.030303030303030165,6.0,1704.5891367769598,0.7278910121091874,0.0,0.041191926268336405,0.028740137179920192
0.01851851851851838,15.0,3242.0364394250187,0.8280160192433668,0.0,0.040674018244713755,0.006363303719059774
-0.0045977011494253706,15.0,1809.356662961103,0.650282818754218,0.0,0.05416012147332199,0.029234358883588597
0.022727272727272707,15.0,592.5932232872532,0.6721008926101693,1.0,0.046655440706839954,0.015790114691645197
-0.008547008547008517,8.0,3730.7105899732646,0.761335170344678,1.0,0.05709508990234885,0.02508454585084902
0.0,8.0,986.8227143640008,0.7673555192153657,0.0,0.05019823537843596,0.020173147851111604
0.028301886792452935,8.0,4279.135571485513,0.7788534736494261,2.0,0.04398195622997168,0.02391834741031392
0.0,7.0,4282.359711491321,0.7128583840806464,1.0,0.046655440706839954,0.015790114691645197
0.006369426751592355,15.0,4079.16456832177,0.7832072635321129,2.0,0.05278076037691521,0.003102746323470815
0.0,15.0,1286.6789477093103,0.9996659596099637,0.0,0.04215849891493543,0.024833444979965605
-0.07499999999999996,15.0,1860.878736676053,0.6956682109770853,1.0,0.05360984783629877,0.0159895984012534
-0.01228878648233478,5.0,4735.32968160456,0.8698241569237655,2.0,0.042534287259779854,0.012179969129180979
-0.07692307692307698,15.0,1437.1931100181341,0.6066301427225345,1.0,0.05505535564532096,0.01396339258069797
0.0027100271002711285,8.0,982.8741766773838,0.8422435990719535,0.0,0.05709508990234885,0.02508454585084902
-0.057499999999999885,15.0,2422.036028205228,0.683149744948015,0.0,0.04398195622997168,0.02391834741031392
0.0,5.0,4296.381526223182,0.959127464717482,1.0,0.05688871415735318,0.011479680541308941
-0.0035087719298245723,15.0,794.2553952808623,1.0,1.0,0.0482266931867692,0.02379055133777476
0.08417338709677424,6.0,3466.1118975968543,1.0,0.0,0.05624486136256303,0.027406726759653156
0.028169014084507005,5.0,3408.315672326972,0.5738218087363685,1.0,0.05617581842763124,0.00023906073382488622
0.027027027027026973,6.0,585.1501744320741,0.7962965489021109,1.0,0.05709508990234885,0.02508454585084902
0.015748031496063186,15.0,2044.4851203132557,0.5671430072513816,1.0,0.05624486136256303,0.027406726759653156
-0.025974025974025983,8.0,4369.730646939892,0.9206794572648682,2.0,0.05624486136256303,0.027406726759653156
-0.01382488479262678,7.0,4277.289610143454,0.9977485528366012,1.0,0.04129023145504444,0.017134240572126546
0.0,15.0,4090.0598068279023,0.6373920645070941,0.0,0.047847699156441485,0.005793258554489626
0.0045045045045044585,15.0,2091.9808895555675,0.8271227931373961,1.0,0.05688871415735318,0.011479680541308941
0.011494252873563315,15.0,2890.6517133994525,0.7034580530070669,2.0,0.05742664852544672,0.02394590519567491
0.0047999999999999154,5.0,3378.8041650388177,0.8161309521595281,1.0,0.05617581842763124,0.00023906073382488622
0.010081358330385592,15.0,4835.108627755762,0.9973509785951495,1.0,0.05141064533756691,0.014441247201060567
0.011594202898550732,15.0,1974.7338272497122,0.907601255040698,1.0,0.05669978209545923,0.015098370903040633
0.003497702489541288,8.0,2599.6096795726503,0.7803306808364554,1.0,0.041191926268336405,0.028740137179920192
-0.011111111111111072,5.0,1395.4349611423083,0.9134366063796362,1.0,0.05278076037691521,0.003102746323470815
0.016666666666666607,15.0,2322.7449991303224,0.6900327034327715,1.0,0.049234578886292506,0.003456404090642766
0.008333333333333304,8.0,4117.9448021255175,0.6112700123040249,2.0,0.05416012147332199,0.029234358883588597
0.009615709411910478,6.0,3066.792331061176,0.5753495260040793,1.0,0.056446894540531714,0.027804465383436356
-0.08336699248727686,7.0,4677.0287298872745,0.9429141131512099,1.0,0.05617581842763124,0.00023906073382488622
-0.011363636363636576,5.0,884.6735359552117,0.827305102832882,2.0,0.047847699156441485,0.005793258554489626
-0.019419956560623564,5.0,3584.9697634788126,0.6264525632818838,1.0,0.05360984783629877,0.0159895984012534
0.0,15.0,3113.011341476758,0.5614767132384606,0.0,0.04787880352814251,0.014148734653334313
-0.03571428571428559,7.0,2617.8251992731894,0.7045104722537994,1.0,0.056299623609801015,0.012396798042826096
0.0,5.0,2921.375495691879,0.9096933067350808,0.0,0.042534287259779854,0.012179969129180979
0.0370370370370372,7.0,1320.3801585796082,0.606276865756967,0.0,0.05060456244206974,0.005384147537619678
0.11351351351351369,7.0,801.1336817242548,0.6875587905722746,0.0,0.045414182460557104,0.004465017510229887
0.03655660377358494,15.0,2094.673228269173,0.5200691838515321,2.0,0.040674018244713755,0.006363303719059774
0.015170670037926604,8.0,4342.288088666424,0.9614884985219442,1.0,0.05709508990234885,0.02508454585084902
0.07741935483870965,7.0,3202.3777719595837,0.6098353651289783,1.0,0.04787880352814251,0.014148734653334313
-0.10222222222222221,5.0,2189.2086523618486,0.5360837219119619,1.0,0.04129023145504444,0.017134240572126546
-0.020063357972544993,15.0,3227.1133098830364,1.0,0.0,0.0482266931867692,0.02379055133777476
0.0066006600660066805,7.0,4943.271423142005,0.597160492613313,1.0,0.04586931226036756,0.0011868478823355976
0.0,5.0,3303.96620706369,0.5406388068842909,2.0,0.040674018244713755,0.006363303719059774
-0.01744186046511631,15.0,3370.159670316623,0.8619917193349191,2.0,0.047847699156441485,0.005793258554489626
0.0,5.0,2852.557705813312,0.831012268685367,0.0,0.056643615377370185,0.011421229012505087
